source_file,experiment_id,architecture,communication_mode,source,started_at,stopped_at,interval_ms,duration_seconds,expected_messages,received_messages,missing_messages,sequence_gap_messages,throughput_percent,messages_per_second,estimated_latency_avg_ms,estimated_latency_min_ms,estimated_latency_max_ms,estimated_latency_std_ms,estimated_latency_p95_ms,uncertainty_avg_ms,uncertainty_p95_ms,uncertainty_max_ms,invalid_messages,application_version,replication_number,environment,saturation_indicators,saturation_status
backend-node_rest-polling_wifi-http_1000ms_rep1_2026-06-04T14-03-45-356Z_campaign-summary.csv,exp-2026-06-04T14-02-44-871Z,backend-node,rest-polling,wifi-http,2026-06-04T14:02:44.871Z,2026-06-04T14:03:45.352Z,1000,60,60,57,3,3,95,0.942,766.21,20.068,1049.549,230.099,1007.872,0.29,0.29,0.29,0,0.1.0,1,browser=node/22.15.0; platform=win32-x64; language=en_US.UTF-8; applicationVersion=0.1.0; capturedAt=2026-06-04T14:02:44.871Z; runner=automated-orchestrator; architecture=backend-node; communicationMode=rest-polling; source=wifi-http; intervalMs=1000; campaignType=official,message_loss_detected,A partir de 1000 ms foram detectadas perdas de mensagens.
backend-node_rest-polling_wifi-http_1000ms_rep2_2026-06-04T14-09-48-404Z_campaign-summary.csv,exp-2026-06-04T14-08-47-945Z,backend-node,rest-polling,wifi-http,2026-06-04T14:08:47.945Z,2026-06-04T14:09:48.401Z,1000,60,60,59,1,7,98.333,0.976,525.307,106.456,738.966,132.243,722.871,0.255,0.255,0.255,0,0.1.0,2,browser=node/22.15.0; platform=win32-x64; language=en_US.UTF-8; applicationVersion=0.1.0; capturedAt=2026-06-04T14:08:47.946Z; runner=automated-orchestrator; architecture=backend-node; communicationMode=rest-polling; source=wifi-http; intervalMs=1000; campaignType=official,message_loss_detected,A partir de 1000 ms foram detectadas perdas de mensagens.
backend-node_rest-polling_wifi-http_1000ms_rep3_2026-06-04T14-15-51-442Z_campaign-summary.csv,exp-2026-06-04T14-14-50-977Z,backend-node,rest-polling,wifi-http,2026-06-04T14:14:50.977Z,2026-06-04T14:15:51.439Z,1000,60,60,58,2,3,96.667,0.959,367.902,30.792,1018.547,323.393,1000.205,0.252,0.252,0.252,0,0.1.0,3,browser=node/22.15.0; platform=win32-x64; language=en_US.UTF-8; applicationVersion=0.1.0; capturedAt=2026-06-04T14:14:50.978Z; runner=automated-orchestrator; architecture=backend-node; communicationMode=rest-polling; source=wifi-http; intervalMs=1000; campaignType=official,message_loss_detected,A partir de 1000 ms foram detectadas perdas de mensagens.
backend-node_rest-polling_wifi-http_100ms_rep1_2026-06-04T14-06-46-919Z_campaign-summary.csv,exp-2026-06-04T14-05-46-862Z,backend-node,rest-polling,wifi-http,2026-06-04T14:05:46.862Z,2026-06-04T14:06:46.910Z,100,60,600,492,108,82,82,8.193,80.888,19.339,237.244,34.339,139.923,0.274,0.274,0.274,0,0.1.0,1,browser=node/22.15.0; platform=win32-x64; language=en_US.UTF-8; applicationVersion=0.1.0; capturedAt=2026-06-04T14:05:46.863Z; runner=automated-orchestrator; architecture=backend-node; communicationMode=rest-polling; source=wifi-http; intervalMs=100; campaignType=official,throughput_below_95 | message_loss_detected,A partir de 100 ms o throughput caiu abaixo de 95%. | A partir de 100 ms foram detectadas perdas de mensagens.
backend-node_rest-polling_wifi-http_100ms_rep2_2026-06-04T14-12-49-955Z_campaign-summary.csv,exp-2026-06-04T14-11-49-890Z,backend-node,rest-polling,wifi-http,2026-06-04T14:11:49.890Z,2026-06-04T14:12:49.946Z,100,60,600,497,103,77,82.833,8.276,83.511,22.188,208.03,32.26,130.862,0.222,0.222,0.222,0,0.1.0,2,browser=node/22.15.0; platform=win32-x64; language=en_US.UTF-8; applicationVersion=0.1.0; capturedAt=2026-06-04T14:11:49.891Z; runner=automated-orchestrator; architecture=backend-node; communicationMode=rest-polling; source=wifi-http; intervalMs=100; campaignType=official,throughput_below_95 | message_loss_detected,A partir de 100 ms o throughput caiu abaixo de 95%. | A partir de 100 ms foram detectadas perdas de mensagens.
backend-node_rest-polling_wifi-http_100ms_rep3_2026-06-04T14-18-52-898Z_campaign-summary.csv,exp-2026-06-04T14-17-52-849Z,backend-node,rest-polling,wifi-http,2026-06-04T14:17:52.849Z,2026-06-04T14:18:52.890Z,100,60,600,489,111,81,81.5,8.144,85.088,24.266,241.246,34.382,143.776,0.229,0.229,0.229,0,0.1.0,3,browser=node/22.15.0; platform=win32-x64; language=en_US.UTF-8; applicationVersion=0.1.0; capturedAt=2026-06-04T14:17:52.850Z; runner=automated-orchestrator; architecture=backend-node; communicationMode=rest-polling; source=wifi-http; intervalMs=100; campaignType=official,throughput_below_95 | message_loss_detected,A partir de 100 ms o throughput caiu abaixo de 95%. | A partir de 100 ms foram detectadas perdas de mensagens.
backend-node_rest-polling_wifi-http_200ms_rep1_2026-06-04T14-05-46-559Z_campaign-summary.csv,exp-2026-06-04T14-04-46-423Z,backend-node,rest-polling,wifi-http,2026-06-04T14:04:46.423Z,2026-06-04T14:05:46.553Z,200,60,300,276,24,20,92,4.59,132.406,20.011,327.133,62.882,221.817,0.283,0.283,0.283,0,0.1.0,1,browser=node/22.15.0; platform=win32-x64; language=en_US.UTF-8; applicationVersion=0.1.0; capturedAt=2026-06-04T14:04:46.424Z; runner=automated-orchestrator; architecture=backend-node; communicationMode=rest-polling; source=wifi-http; intervalMs=200; campaignType=official,throughput_below_95 | message_loss_detected,A partir de 200 ms o throughput caiu abaixo de 95%. | A partir de 200 ms foram detectadas perdas de mensagens.
backend-node_rest-polling_wifi-http_200ms_rep2_2026-06-04T14-11-49-580Z_campaign-summary.csv,exp-2026-06-04T14-10-49-453Z,backend-node,rest-polling,wifi-http,2026-06-04T14:10:49.453Z,2026-06-04T14:11:49.575Z,200,60,300,276,24,23,92,4.591,137.602,22.619,283.651,66.595,248.868,0.263,0.263,0.263,0,0.1.0,2,browser=node/22.15.0; platform=win32-x64; language=en_US.UTF-8; applicationVersion=0.1.0; capturedAt=2026-06-04T14:10:49.454Z; runner=automated-orchestrator; architecture=backend-node; communicationMode=rest-polling; source=wifi-http; intervalMs=200; campaignType=official,throughput_below_95 | message_loss_detected,A partir de 200 ms o throughput caiu abaixo de 95%. | A partir de 200 ms foram detectadas perdas de mensagens.
backend-node_rest-polling_wifi-http_200ms_rep3_2026-06-04T14-17-52-543Z_campaign-summary.csv,exp-2026-06-04T14-16-52-461Z,backend-node,rest-polling,wifi-http,2026-06-04T14:16:52.461Z,2026-06-04T14:17:52.538Z,200,60,300,267,33,27,89,4.444,135.966,27.638,301.514,64.264,227.85,0.249,0.249,0.249,0,0.1.0,3,browser=node/22.15.0; platform=win32-x64; language=en_US.UTF-8; applicationVersion=0.1.0; capturedAt=2026-06-04T14:16:52.461Z; runner=automated-orchestrator; architecture=backend-node; communicationMode=rest-polling; source=wifi-http; intervalMs=200; campaignType=official,throughput_below_95 | message_loss_detected,A partir de 200 ms o throughput caiu abaixo de 95%. | A partir de 200 ms foram detectadas perdas de mensagens.
backend-node_rest-polling_wifi-http_20ms_rep1_2026-06-04T14-08-47-628Z_campaign-summary.csv,exp-2026-06-04T14-07-47-598Z,backend-node,rest-polling,wifi-http,2026-06-04T14:07:47.598Z,2026-06-04T14:08:47.619Z,20,60,3000,669,2331,0,22.3,11.146,53.752,20.405,177.024,30.521,114.399,0.281,0.281,0.281,0,0.1.0,1,browser=node/22.15.0; platform=win32-x64; language=en_US.UTF-8; applicationVersion=0.1.0; capturedAt=2026-06-04T14:07:47.599Z; runner=automated-orchestrator; architecture=backend-node; communicationMode=rest-polling; source=wifi-http; intervalMs=20; campaignType=official,throughput_below_95 | message_loss_detected,A partir de 20 ms o throughput caiu abaixo de 95%. | A partir de 20 ms foram detectadas perdas de mensagens.
backend-node_rest-polling_wifi-http_20ms_rep2_2026-06-04T14-14-50-661Z_campaign-summary.csv,exp-2026-06-04T14-13-50-628Z,backend-node,rest-polling,wifi-http,2026-06-04T14:13:50.628Z,2026-06-04T14:14:50.652Z,20,60,3000,636,2364,0,21.2,10.596,60.821,23.109,171.071,33.746,130.846,0.244,0.244,0.244,0,0.1.0,2,browser=node/22.15.0; platform=win32-x64; language=en_US.UTF-8; applicationVersion=0.1.0; capturedAt=2026-06-04T14:13:50.629Z; runner=automated-orchestrator; architecture=backend-node; communicationMode=rest-polling; source=wifi-http; intervalMs=20; campaignType=official,throughput_below_95 | message_loss_detected,A partir de 20 ms o throughput caiu abaixo de 95%. | A partir de 20 ms foram detectadas perdas de mensagens.
backend-node_rest-polling_wifi-http_20ms_rep3_2026-06-04T14-20-53-575Z_campaign-summary.csv,exp-2026-06-04T14-19-53-549Z,backend-node,rest-polling,wifi-http,2026-06-04T14:19:53.549Z,2026-06-04T14:20:53.566Z,20,60,3000,675,2325,0,22.5,11.247,58.58,24.034,168.869,32.057,132.435,0.233,0.233,0.233,0,0.1.0,3,browser=node/22.15.0; platform=win32-x64; language=en_US.UTF-8; applicationVersion=0.1.0; capturedAt=2026-06-04T14:19:53.550Z; runner=automated-orchestrator; architecture=backend-node; communicationMode=rest-polling; source=wifi-http; intervalMs=20; campaignType=official,throughput_below_95 | message_loss_detected,A partir de 20 ms o throughput caiu abaixo de 95%. | A partir de 20 ms foram detectadas perdas de mensagens.
backend-node_rest-polling_wifi-http_500ms_rep1_2026-06-04T14-04-46-116Z_campaign-summary.csv,exp-2026-06-04T14-03-45-666Z,backend-node,rest-polling,wifi-http,2026-06-04T14:03:45.666Z,2026-06-04T14:04:46.112Z,500,60,120,110,10,8,91.667,1.82,274.266,19.287,551.485,148.55,502.832,0.286,0.286,0.286,0,0.1.0,1,browser=node/22.15.0; platform=win32-x64; language=en_US.UTF-8; applicationVersion=0.1.0; capturedAt=2026-06-04T14:03:45.667Z; runner=automated-orchestrator; architecture=backend-node; communicationMode=rest-polling; source=wifi-http; intervalMs=500; campaignType=official,throughput_below_95 | message_loss_detected,A partir de 500 ms o throughput caiu abaixo de 95%. | A partir de 500 ms foram detectadas perdas de mensagens.
backend-node_rest-polling_wifi-http_500ms_rep2_2026-06-04T14-10-49-146Z_campaign-summary.csv,exp-2026-06-04T14-09-48-715Z,backend-node,rest-polling,wifi-http,2026-06-04T14:09:48.715Z,2026-06-04T14:10:49.143Z,500,60,120,116,4,3,96.667,1.92,295.333,21.577,579.578,138.223,506.812,0.247,0.247,0.247,0,0.1.0,2,browser=node/22.15.0; platform=win32-x64; language=en_US.UTF-8; applicationVersion=0.1.0; capturedAt=2026-06-04T14:09:48.715Z; runner=automated-orchestrator; architecture=backend-node; communicationMode=rest-polling; source=wifi-http; intervalMs=500; campaignType=official,message_loss_detected,A partir de 500 ms foram detectadas perdas de mensagens.
backend-node_rest-polling_wifi-http_500ms_rep3_2026-06-04T14-16-52-151Z_campaign-summary.csv,exp-2026-06-04T14-15-51-751Z,backend-node,rest-polling,wifi-http,2026-06-04T14:15:51.751Z,2026-06-04T14:16:52.148Z,500,60,120,116,4,3,96.667,1.921,291.12,30.842,524.116,144.489,512.472,0.224,0.224,0.224,0,0.1.0,3,browser=node/22.15.0; platform=win32-x64; language=en_US.UTF-8; applicationVersion=0.1.0; capturedAt=2026-06-04T14:15:51.752Z; runner=automated-orchestrator; architecture=backend-node; communicationMode=rest-polling; source=wifi-http; intervalMs=500; campaignType=official,message_loss_detected,A partir de 500 ms foram detectadas perdas de mensagens.
backend-node_rest-polling_wifi-http_50ms_rep1_2026-06-04T14-07-47-281Z_campaign-summary.csv,exp-2026-06-04T14-06-47-221Z,backend-node,rest-polling,wifi-http,2026-06-04T14:06:47.221Z,2026-06-04T14:07:47.272Z,50,60,1200,645,555,0,53.75,10.741,71.923,20.931,211.619,36.778,141.749,0.274,0.274,0.274,0,0.1.0,1,browser=node/22.15.0; platform=win32-x64; language=en_US.UTF-8; applicationVersion=0.1.0; capturedAt=2026-06-04T14:06:47.222Z; runner=automated-orchestrator; architecture=backend-node; communicationMode=rest-polling; source=wifi-http; intervalMs=50; campaignType=official,throughput_below_95 | message_loss_detected,A partir de 50 ms o throughput caiu abaixo de 95%. | A partir de 50 ms foram detectadas perdas de mensagens.
backend-node_rest-polling_wifi-http_50ms_rep2_2026-06-04T14-13-50-314Z_campaign-summary.csv,exp-2026-06-04T14-12-50-272Z,backend-node,rest-polling,wifi-http,2026-06-04T14:12:50.272Z,2026-06-04T14:13:50.305Z,50,60,1200,656,544,0,54.667,10.927,74.142,19.985,199.089,36.374,147.539,0.292,0.292,0.292,0,0.1.0,2,browser=node/22.15.0; platform=win32-x64; language=en_US.UTF-8; applicationVersion=0.1.0; capturedAt=2026-06-04T14:12:50.273Z; runner=automated-orchestrator; architecture=backend-node; communicationMode=rest-polling; source=wifi-http; intervalMs=50; campaignType=official,throughput_below_95 | message_loss_detected,A partir de 50 ms o throughput caiu abaixo de 95%. | A partir de 50 ms foram detectadas perdas de mensagens.
backend-node_rest-polling_wifi-http_50ms_rep3_2026-06-04T14-19-53-231Z_campaign-summary.csv,exp-2026-06-04T14-18-53-201Z,backend-node,rest-polling,wifi-http,2026-06-04T14:18:53.201Z,2026-06-04T14:19:53.221Z,50,60,1200,671,529,1,55.917,11.18,73.078,24.678,214.242,35.232,148.712,0.286,0.286,0.286,0,0.1.0,3,browser=node/22.15.0; platform=win32-x64; language=en_US.UTF-8; applicationVersion=0.1.0; capturedAt=2026-06-04T14:18:53.201Z; runner=automated-orchestrator; architecture=backend-node; communicationMode=rest-polling; source=wifi-http; intervalMs=50; campaignType=official,throughput_below_95 | message_loss_detected,A partir de 50 ms o throughput caiu abaixo de 95%. | A partir de 50 ms foram detectadas perdas de mensagens.
backend-node_websocket_wifi-http_1000ms_rep1_2026-06-04T13-45-38-976Z_campaign-summary.csv,exp-2026-06-04T13-44-38-955Z,backend-node,websocket,wifi-http,2026-06-04T13:44:38.956Z,2026-06-04T13:45:38.970Z,1000,60,60,72,0,0,120,1.2,40.308,0.443,139.366,40.282,124.646,0.438,0.438,0.438,0,0.1.0,1,browser=node/22.15.0; platform=win32-x64; language=en_US.UTF-8; applicationVersion=0.1.0; capturedAt=2026-06-04T13:44:38.957Z; runner=automated-orchestrator; architecture=backend-node; communicationMode=websocket; source=wifi-http; intervalMs=1000; campaignType=official,,
backend-node_websocket_wifi-http_1000ms_rep2_2026-06-04T13-51-40-922Z_campaign-summary.csv,exp-2026-06-04T13-50-40-902Z,backend-node,websocket,wifi-http,2026-06-04T13:50:40.902Z,2026-06-04T13:51:40.918Z,1000,60,60,79,0,0,131.667,1.316,37.504,1.101,164.854,41.476,119.734,0.299,0.299,0.299,0,0.1.0,2,browser=node/22.15.0; platform=win32-x64; language=en_US.UTF-8; applicationVersion=0.1.0; capturedAt=2026-06-04T13:50:40.903Z; runner=automated-orchestrator; architecture=backend-node; communicationMode=websocket; source=wifi-http; intervalMs=1000; campaignType=official,,
backend-node_websocket_wifi-http_1000ms_rep3_2026-06-04T13-57-42-892Z_campaign-summary.csv,exp-2026-06-04T13-56-42-883Z,backend-node,websocket,wifi-http,2026-06-04T13:56:42.883Z,2026-06-04T13:57:42.888Z,1000,60,60,62,0,0,103.333,1.033,45.541,4.243,170.161,43.193,127.709,0.288,0.288,0.288,0,0.1.0,3,browser=node/22.15.0; platform=win32-x64; language=en_US.UTF-8; applicationVersion=0.1.0; capturedAt=2026-06-04T13:56:42.883Z; runner=automated-orchestrator; architecture=backend-node; communicationMode=websocket; source=wifi-http; intervalMs=1000; campaignType=official,,
backend-node_websocket_wifi-http_100ms_rep1_2026-06-04T13-48-39-923Z_campaign-summary.csv,exp-2026-06-04T13-47-39-912Z,backend-node,websocket,wifi-http,2026-06-04T13:47:39.912Z,2026-06-04T13:48:39.915Z,100,60,600,513,87,0,85.5,8.55,35.127,0.702,308.155,41.44,125.481,0.329,0.329,0.329,0,0.1.0,1,browser=node/22.15.0; platform=win32-x64; language=en_US.UTF-8; applicationVersion=0.1.0; capturedAt=2026-06-04T13:47:39.912Z; runner=automated-orchestrator; architecture=backend-node; communicationMode=websocket; source=wifi-http; intervalMs=100; campaignType=official,throughput_below_95 | message_loss_detected,A partir de 100 ms o throughput caiu abaixo de 95%. | A partir de 100 ms foram detectadas perdas de mensagens.
backend-node_websocket_wifi-http_100ms_rep2_2026-06-04T13-54-41-892Z_campaign-summary.csv,exp-2026-06-04T13-53-41-878Z,backend-node,websocket,wifi-http,2026-06-04T13:53:41.878Z,2026-06-04T13:54:41.883Z,100,60,600,570,30,0,95,9.499,27.636,1.208,210.529,25.027,54.982,0.283,0.283,0.283,0,0.1.0,2,browser=node/22.15.0; platform=win32-x64; language=en_US.UTF-8; applicationVersion=0.1.0; capturedAt=2026-06-04T13:53:41.878Z; runner=automated-orchestrator; architecture=backend-node; communicationMode=websocket; source=wifi-http; intervalMs=100; campaignType=official,message_loss_detected,A partir de 100 ms foram detectadas perdas de mensagens.
backend-node_websocket_wifi-http_100ms_rep3_2026-06-04T14-00-43-875Z_campaign-summary.csv,exp-2026-06-04T13-59-43-862Z,backend-node,websocket,wifi-http,2026-06-04T13:59:43.862Z,2026-06-04T14:00:43.866Z,100,60,600,556,44,0,92.667,9.266,31.957,3.361,230.778,31.612,79.018,0.283,0.283,0.283,0,0.1.0,3,browser=node/22.15.0; platform=win32-x64; language=en_US.UTF-8; applicationVersion=0.1.0; capturedAt=2026-06-04T13:59:43.863Z; runner=automated-orchestrator; architecture=backend-node; communicationMode=websocket; source=wifi-http; intervalMs=100; campaignType=official,throughput_below_95 | message_loss_detected,A partir de 100 ms o throughput caiu abaixo de 95%. | A partir de 100 ms foram detectadas perdas de mensagens.
backend-node_websocket_wifi-http_200ms_rep1_2026-06-04T13-47-39-606Z_campaign-summary.csv,exp-2026-06-04T13-46-39-597Z,backend-node,websocket,wifi-http,2026-06-04T13:46:39.597Z,2026-06-04T13:47:39.600Z,200,60,300,290,10,0,96.667,4.833,46.89,0.113,274.961,52.736,147.321,0.34,0.34,0.34,0,0.1.0,1,browser=node/22.15.0; platform=win32-x64; language=en_US.UTF-8; applicationVersion=0.1.0; capturedAt=2026-06-04T13:46:39.597Z; runner=automated-orchestrator; architecture=backend-node; communicationMode=websocket; source=wifi-http; intervalMs=200; campaignType=official,message_loss_detected,A partir de 200 ms foram detectadas perdas de mensagens.
backend-node_websocket_wifi-http_200ms_rep2_2026-06-04T13-53-41-572Z_campaign-summary.csv,exp-2026-06-04T13-52-41-556Z,backend-node,websocket,wifi-http,2026-06-04T13:52:41.556Z,2026-06-04T13:53:41.566Z,200,60,300,296,4,0,98.667,4.933,41.024,2.038,199.519,44.505,125.431,0.301,0.301,0.301,0,0.1.0,2,browser=node/22.15.0; platform=win32-x64; language=en_US.UTF-8; applicationVersion=0.1.0; capturedAt=2026-06-04T13:52:41.556Z; runner=automated-orchestrator; architecture=backend-node; communicationMode=websocket; source=wifi-http; intervalMs=200; campaignType=official,message_loss_detected,A partir de 200 ms foram detectadas perdas de mensagens.
backend-node_websocket_wifi-http_200ms_rep3_2026-06-04T13-59-43-558Z_campaign-summary.csv,exp-2026-06-04T13-58-43-538Z,backend-node,websocket,wifi-http,2026-06-04T13:58:43.538Z,2026-06-04T13:59:43.552Z,200,60,300,295,5,0,98.333,4.916,42.448,3.205,175.893,41.918,124.04,0.278,0.278,0.278,0,0.1.0,3,browser=node/22.15.0; platform=win32-x64; language=en_US.UTF-8; applicationVersion=0.1.0; capturedAt=2026-06-04T13:58:43.538Z; runner=automated-orchestrator; architecture=backend-node; communicationMode=websocket; source=wifi-http; intervalMs=200; campaignType=official,message_loss_detected,A partir de 200 ms foram detectadas perdas de mensagens.
backend-node_websocket_wifi-http_20ms_rep1_2026-06-04T13-50-40-590Z_campaign-summary.csv,exp-2026-06-04T13-49-40-576Z,backend-node,websocket,wifi-http,2026-06-04T13:49:40.576Z,2026-06-04T13:50:40.579Z,20,60,3000,687,2313,0,22.9,11.449,28.121,0,131.445,32.127,95.071,0.312,0.312,0.312,0,0.1.0,1,browser=node/22.15.0; platform=win32-x64; language=en_US.UTF-8; applicationVersion=0.1.0; capturedAt=2026-06-04T13:49:40.576Z; runner=automated-orchestrator; architecture=backend-node; communicationMode=websocket; source=wifi-http; intervalMs=20; campaignType=official,throughput_below_95 | message_loss_detected,A partir de 20 ms o throughput caiu abaixo de 95%. | A partir de 20 ms foram detectadas perdas de mensagens.
backend-node_websocket_wifi-http_20ms_rep2_2026-06-04T13-56-42-568Z_campaign-summary.csv,exp-2026-06-04T13-55-42-552Z,backend-node,websocket,wifi-http,2026-06-04T13:55:42.552Z,2026-06-04T13:56:42.558Z,20,60,3000,643,2357,0,21.433,10.716,36.474,2.858,253.773,39.46,122.78,0.28,0.28,0.28,0,0.1.0,2,browser=node/22.15.0; platform=win32-x64; language=en_US.UTF-8; applicationVersion=0.1.0; capturedAt=2026-06-04T13:55:42.552Z; runner=automated-orchestrator; architecture=backend-node; communicationMode=websocket; source=wifi-http; intervalMs=20; campaignType=official,throughput_below_95 | message_loss_detected,A partir de 20 ms o throughput caiu abaixo de 95%. | A partir de 20 ms foram detectadas perdas de mensagens.
backend-node_websocket_wifi-http_20ms_rep3_2026-06-04T14-02-44-553Z_campaign-summary.csv,exp-2026-06-04T14-01-44-531Z,backend-node,websocket,wifi-http,2026-06-04T14:01:44.531Z,2026-06-04T14:02:44.544Z,20,60,3000,664,2336,0,22.133,11.064,35.391,5.014,179.96,33.314,99.243,0.279,0.279,0.279,0,0.1.0,3,browser=node/22.15.0; platform=win32-x64; language=en_US.UTF-8; applicationVersion=0.1.0; capturedAt=2026-06-04T14:01:44.531Z; runner=automated-orchestrator; architecture=backend-node; communicationMode=websocket; source=wifi-http; intervalMs=20; campaignType=official,throughput_below_95 | message_loss_detected,A partir de 20 ms o throughput caiu abaixo de 95%. | A partir de 20 ms foram detectadas perdas de mensagens.
backend-node_websocket_wifi-http_500ms_rep1_2026-06-04T13-46-39-290Z_campaign-summary.csv,exp-2026-06-04T13-45-39-276Z,backend-node,websocket,wifi-http,2026-06-04T13:45:39.276Z,2026-06-04T13:46:39.286Z,500,60,120,114,6,0,95,1.9,49.705,0.75,237.765,52.953,139.24,0.427,0.427,0.427,0,0.1.0,1,browser=node/22.15.0; platform=win32-x64; language=en_US.UTF-8; applicationVersion=0.1.0; capturedAt=2026-06-04T13:45:39.276Z; runner=automated-orchestrator; architecture=backend-node; communicationMode=websocket; source=wifi-http; intervalMs=500; campaignType=official,message_loss_detected,A partir de 500 ms foram detectadas perdas de mensagens.
backend-node_websocket_wifi-http_500ms_rep2_2026-06-04T13-52-41-248Z_campaign-summary.csv,exp-2026-06-04T13-51-41-232Z,backend-node,websocket,wifi-http,2026-06-04T13:51:41.232Z,2026-06-04T13:52:41.243Z,500,60,120,119,1,0,99.167,1.983,55.444,2.917,256.588,59.35,177.39,0.305,0.305,0.305,0,0.1.0,2,browser=node/22.15.0; platform=win32-x64; language=en_US.UTF-8; applicationVersion=0.1.0; capturedAt=2026-06-04T13:51:41.232Z; runner=automated-orchestrator; architecture=backend-node; communicationMode=websocket; source=wifi-http; intervalMs=500; campaignType=official,message_loss_detected,A partir de 500 ms foram detectadas perdas de mensagens.
backend-node_websocket_wifi-http_500ms_rep3_2026-06-04T13-58-43-228Z_campaign-summary.csv,exp-2026-06-04T13-57-43-199Z,backend-node,websocket,wifi-http,2026-06-04T13:57:43.199Z,2026-06-04T13:58:43.212Z,500,60,120,118,2,0,98.333,1.966,49.459,6.232,144.836,42.279,126.087,0.275,0.275,0.275,0,0.1.0,3,browser=node/22.15.0; platform=win32-x64; language=en_US.UTF-8; applicationVersion=0.1.0; capturedAt=2026-06-04T13:57:43.199Z; runner=automated-orchestrator; architecture=backend-node; communicationMode=websocket; source=wifi-http; intervalMs=500; campaignType=official,message_loss_detected,A partir de 500 ms foram detectadas perdas de mensagens.
backend-node_websocket_wifi-http_50ms_rep1_2026-06-04T13-49-40-257Z_campaign-summary.csv,exp-2026-06-04T13-48-40-243Z,backend-node,websocket,wifi-http,2026-06-04T13:48:40.243Z,2026-06-04T13:49:40.247Z,50,60,1200,674,526,0,56.167,11.233,28.508,0,153.047,31.842,92.968,0.336,0.336,0.336,0,0.1.0,1,browser=node/22.15.0; platform=win32-x64; language=en_US.UTF-8; applicationVersion=0.1.0; capturedAt=2026-06-04T13:48:40.243Z; runner=automated-orchestrator; architecture=backend-node; communicationMode=websocket; source=wifi-http; intervalMs=50; campaignType=official,throughput_below_95 | message_loss_detected,A partir de 50 ms o throughput caiu abaixo de 95%. | A partir de 50 ms foram detectadas perdas de mensagens.
backend-node_websocket_wifi-http_50ms_rep2_2026-06-04T13-55-42-237Z_campaign-summary.csv,exp-2026-06-04T13-54-42-210Z,backend-node,websocket,wifi-http,2026-06-04T13:54:42.210Z,2026-06-04T13:55:42.227Z,50,60,1200,656,544,0,54.667,10.93,33.08,1.453,240.399,36.335,114.377,0.285,0.285,0.285,0,0.1.0,2,browser=node/22.15.0; platform=win32-x64; language=en_US.UTF-8; applicationVersion=0.1.0; capturedAt=2026-06-04T13:54:42.211Z; runner=automated-orchestrator; architecture=backend-node; communicationMode=websocket; source=wifi-http; intervalMs=50; campaignType=official,throughput_below_95 | message_loss_detected,A partir de 50 ms o throughput caiu abaixo de 95%. | A partir de 50 ms foram detectadas perdas de mensagens.
backend-node_websocket_wifi-http_50ms_rep3_2026-06-04T14-01-44-214Z_campaign-summary.csv,exp-2026-06-04T14-00-44-190Z,backend-node,websocket,wifi-http,2026-06-04T14:00:44.190Z,2026-06-04T14:01:44.205Z,50,60,1200,653,547,0,54.417,10.881,36.007,4.001,177.379,34.257,108.317,0.268,0.268,0.268,0,0.1.0,3,browser=node/22.15.0; platform=win32-x64; language=en_US.UTF-8; applicationVersion=0.1.0; capturedAt=2026-06-04T14:00:44.191Z; runner=automated-orchestrator; architecture=backend-node; communicationMode=websocket; source=wifi-http; intervalMs=50; campaignType=official,throughput_below_95 | message_loss_detected,A partir de 50 ms o throughput caiu abaixo de 95%. | A partir de 50 ms foram detectadas perdas de mensagens.
mqtt_websocket_wifi-http_1000ms_rep1_2026-06-04T14-21-55-037Z_campaign-summary.csv,exp-2026-06-04T14-20-55-025Z,mqtt,websocket,wifi-http,2026-06-04T14:20:55.025Z,2026-06-04T14:21:55.033Z,1000,60,60,118,0,0,196.667,1.966,0.959,0,16.459,2.927,9.954,0.354,0.354,0.354,0,0.1.0,1,browser=node/22.15.0; platform=win32-x64; language=en_US.UTF-8; applicationVersion=0.1.0; capturedAt=2026-06-04T14:20:55.025Z; runner=automated-orchestrator; architecture=mqtt; communicationMode=websocket; source=wifi-http; intervalMs=1000; campaignType=official,,
mqtt_websocket_wifi-http_1000ms_rep2_2026-06-04T14-27-57-025Z_campaign-summary.csv,exp-2026-06-04T14-26-57-017Z,mqtt,websocket,wifi-http,2026-06-04T14:26:57.017Z,2026-06-04T14:27:57.021Z,1000,60,60,120,0,0,200,2,3.205,0,71.166,10.609,13.33,0.256,0.256,0.256,0,0.1.0,2,browser=node/22.15.0; platform=win32-x64; language=en_US.UTF-8; applicationVersion=0.1.0; capturedAt=2026-06-04T14:26:57.017Z; runner=automated-orchestrator; architecture=mqtt; communicationMode=websocket; source=wifi-http; intervalMs=1000; campaignType=official,,
mqtt_websocket_wifi-http_1000ms_rep3_2026-06-04T14-33-58-988Z_campaign-summary.csv,exp-2026-06-04T14-32-58-979Z,mqtt,websocket,wifi-http,2026-06-04T14:32:58.979Z,2026-06-04T14:33:58.984Z,1000,60,60,125,0,0,208.333,2.083,9.369,0,74.28,19.199,58.319,0.315,0.315,0.315,0,0.1.0,3,browser=node/22.15.0; platform=win32-x64; language=en_US.UTF-8; applicationVersion=0.1.0; capturedAt=2026-06-04T14:32:58.980Z; runner=automated-orchestrator; architecture=mqtt; communicationMode=websocket; source=wifi-http; intervalMs=1000; campaignType=official,,
mqtt_websocket_wifi-http_100ms_rep1_2026-06-04T14-24-56-008Z_campaign-summary.csv,exp-2026-06-04T14-23-55-985Z,mqtt,websocket,wifi-http,2026-06-04T14:23:55.985Z,2026-06-04T14:24:55.999Z,100,60,600,599,1,0,99.833,9.981,2.354,0,38.354,7.379,22.592,0.273,0.273,0.273,0,0.1.0,1,browser=node/22.15.0; platform=win32-x64; language=en_US.UTF-8; applicationVersion=0.1.0; capturedAt=2026-06-04T14:23:55.985Z; runner=automated-orchestrator; architecture=mqtt; communicationMode=websocket; source=wifi-http; intervalMs=100; campaignType=official,message_loss_detected,A partir de 100 ms foram detectadas perdas de mensagens.
mqtt_websocket_wifi-http_100ms_rep2_2026-06-04T14-30-57-977Z_campaign-summary.csv,exp-2026-06-04T14-29-57-962Z,mqtt,websocket,wifi-http,2026-06-04T14:29:57.962Z,2026-06-04T14:30:57.969Z,100,60,600,599,1,0,99.833,9.982,2.571,0,43.329,8.068,23.756,0.293,0.293,0.293,0,0.1.0,2,browser=node/22.15.0; platform=win32-x64; language=en_US.UTF-8; applicationVersion=0.1.0; capturedAt=2026-06-04T14:29:57.963Z; runner=automated-orchestrator; architecture=mqtt; communicationMode=websocket; source=wifi-http; intervalMs=100; campaignType=official,message_loss_detected,A partir de 100 ms foram detectadas perdas de mensagens.
mqtt_websocket_wifi-http_100ms_rep3_2026-06-04T14-36-59-965Z_campaign-summary.csv,exp-2026-06-04T14-35-59-947Z,mqtt,websocket,wifi-http,2026-06-04T14:35:59.947Z,2026-06-04T14:36:59.957Z,100,60,600,599,1,0,99.833,9.982,3.492,0,48.556,9.853,30.512,0.297,0.297,0.297,0,0.1.0,3,browser=node/22.15.0; platform=win32-x64; language=en_US.UTF-8; applicationVersion=0.1.0; capturedAt=2026-06-04T14:35:59.947Z; runner=automated-orchestrator; architecture=mqtt; communicationMode=websocket; source=wifi-http; intervalMs=100; campaignType=official,message_loss_detected,A partir de 100 ms foram detectadas perdas de mensagens.
mqtt_websocket_wifi-http_200ms_rep1_2026-06-04T14-23-55-678Z_campaign-summary.csv,exp-2026-06-04T14-22-55-668Z,mqtt,websocket,wifi-http,2026-06-04T14:22:55.668Z,2026-06-04T14:23:55.672Z,200,60,300,299,1,0,99.667,4.983,0,0,0,0,0,0.277,0.277,0.277,0,0.1.0,1,browser=node/22.15.0; platform=win32-x64; language=en_US.UTF-8; applicationVersion=0.1.0; capturedAt=2026-06-04T14:22:55.669Z; runner=automated-orchestrator; architecture=mqtt; communicationMode=websocket; source=wifi-http; intervalMs=200; campaignType=official,message_loss_detected,A partir de 200 ms foram detectadas perdas de mensagens.
mqtt_websocket_wifi-http_200ms_rep2_2026-06-04T14-29-57-657Z_campaign-summary.csv,exp-2026-06-04T14-28-57-649Z,mqtt,websocket,wifi-http,2026-06-04T14:28:57.649Z,2026-06-04T14:29:57.651Z,200,60,300,299,1,0,99.667,4.983,0,0,0,0,0,0.318,0.318,0.318,0,0.1.0,2,browser=node/22.15.0; platform=win32-x64; language=en_US.UTF-8; applicationVersion=0.1.0; capturedAt=2026-06-04T14:28:57.649Z; runner=automated-orchestrator; architecture=mqtt; communicationMode=websocket; source=wifi-http; intervalMs=200; campaignType=official,message_loss_detected,A partir de 200 ms foram detectadas perdas de mensagens.
mqtt_websocket_wifi-http_200ms_rep3_2026-06-04T14-35-59-641Z_campaign-summary.csv,exp-2026-06-04T14-34-59-617Z,mqtt,websocket,wifi-http,2026-06-04T14:34:59.617Z,2026-06-04T14:35:59.635Z,200,60,300,299,1,0,99.667,4.982,0,0,0,0,0,0.315,0.315,0.315,0,0.1.0,3,browser=node/22.15.0; platform=win32-x64; language=en_US.UTF-8; applicationVersion=0.1.0; capturedAt=2026-06-04T14:34:59.618Z; runner=automated-orchestrator; architecture=mqtt; communicationMode=websocket; source=wifi-http; intervalMs=200; campaignType=official,message_loss_detected,A partir de 200 ms foram detectadas perdas de mensagens.
mqtt_websocket_wifi-http_20ms_rep1_2026-06-04T14-26-56-701Z_campaign-summary.csv,exp-2026-06-04T14-25-56-652Z,mqtt,websocket,wifi-http,2026-06-04T14:25:56.652Z,2026-06-04T14:26:56.663Z,20,60,3000,2936,64,0,97.867,48.924,14.101,0,132.523,23.993,69.012,0.277,0.277,0.277,0,0.1.0,1,browser=node/22.15.0; platform=win32-x64; language=en_US.UTF-8; applicationVersion=0.1.0; capturedAt=2026-06-04T14:25:56.652Z; runner=automated-orchestrator; architecture=mqtt; communicationMode=websocket; source=wifi-http; intervalMs=20; campaignType=official,message_loss_detected,A partir de 20 ms foram detectadas perdas de mensagens.
mqtt_websocket_wifi-http_20ms_rep2_2026-06-04T14-32-58-675Z_campaign-summary.csv,exp-2026-06-04T14-31-58-628Z,mqtt,websocket,wifi-http,2026-06-04T14:31:58.628Z,2026-06-04T14:32:58.639Z,20,60,3000,2931,69,0,97.7,48.841,17.175,0,140.792,26.494,73.99,0.301,0.301,0.301,0,0.1.0,2,browser=node/22.15.0; platform=win32-x64; language=en_US.UTF-8; applicationVersion=0.1.0; capturedAt=2026-06-04T14:31:58.629Z; runner=automated-orchestrator; architecture=mqtt; communicationMode=websocket; source=wifi-http; intervalMs=20; campaignType=official,message_loss_detected,A partir de 20 ms foram detectadas perdas de mensagens.
mqtt_websocket_wifi-http_20ms_rep3_2026-06-04T14-39-00-645Z_campaign-summary.csv,exp-2026-06-04T14-38-00-603Z,mqtt,websocket,wifi-http,2026-06-04T14:38:00.603Z,2026-06-04T14:39:00.612Z,20,60,3000,2936,64,0,97.867,48.926,13.666,0,130.209,22.146,66.335,0.321,0.321,0.321,0,0.1.0,3,browser=node/22.15.0; platform=win32-x64; language=en_US.UTF-8; applicationVersion=0.1.0; capturedAt=2026-06-04T14:38:00.604Z; runner=automated-orchestrator; architecture=mqtt; communicationMode=websocket; source=wifi-http; intervalMs=20; campaignType=official,message_loss_detected,A partir de 20 ms foram detectadas perdas de mensagens.
mqtt_websocket_wifi-http_500ms_rep1_2026-06-04T14-22-55-361Z_campaign-summary.csv,exp-2026-06-04T14-21-55-343Z,mqtt,websocket,wifi-http,2026-06-04T14:21:55.343Z,2026-06-04T14:22:55.357Z,500,60,120,119,1,0,99.167,1.983,0,0,0,0,0,0.312,0.312,0.312,0,0.1.0,1,browser=node/22.15.0; platform=win32-x64; language=en_US.UTF-8; applicationVersion=0.1.0; capturedAt=2026-06-04T14:21:55.343Z; runner=automated-orchestrator; architecture=mqtt; communicationMode=websocket; source=wifi-http; intervalMs=500; campaignType=official,message_loss_detected,A partir de 500 ms foram detectadas perdas de mensagens.
mqtt_websocket_wifi-http_500ms_rep2_2026-06-04T14-28-57-341Z_campaign-summary.csv,exp-2026-06-04T14-27-57-333Z,mqtt,websocket,wifi-http,2026-06-04T14:27:57.333Z,2026-06-04T14:28:57.337Z,500,60,120,119,1,0,99.167,1.983,0,0,0,0,0,0.325,0.325,0.325,0,0.1.0,2,browser=node/22.15.0; platform=win32-x64; language=en_US.UTF-8; applicationVersion=0.1.0; capturedAt=2026-06-04T14:27:57.333Z; runner=automated-orchestrator; architecture=mqtt; communicationMode=websocket; source=wifi-http; intervalMs=500; campaignType=official,message_loss_detected,A partir de 500 ms foram detectadas perdas de mensagens.
mqtt_websocket_wifi-http_500ms_rep3_2026-06-04T14-34-59-311Z_campaign-summary.csv,exp-2026-06-04T14-33-59-296Z,mqtt,websocket,wifi-http,2026-06-04T14:33:59.296Z,2026-06-04T14:34:59.307Z,500,60,120,119,1,0,99.167,1.983,0,0,0,0,0,0.301,0.301,0.301,0,0.1.0,3,browser=node/22.15.0; platform=win32-x64; language=en_US.UTF-8; applicationVersion=0.1.0; capturedAt=2026-06-04T14:33:59.296Z; runner=automated-orchestrator; architecture=mqtt; communicationMode=websocket; source=wifi-http; intervalMs=500; campaignType=official,message_loss_detected,A partir de 500 ms foram detectadas perdas de mensagens.
mqtt_websocket_wifi-http_50ms_rep1_2026-06-04T14-25-56-343Z_campaign-summary.csv,exp-2026-06-04T14-24-56-323Z,mqtt,websocket,wifi-http,2026-06-04T14:24:56.323Z,2026-06-04T14:25:56.330Z,50,60,1200,1181,19,0,98.417,19.681,10.934,0,116.318,21.058,63.975,0.305,0.305,0.305,0,0.1.0,1,browser=node/22.15.0; platform=win32-x64; language=en_US.UTF-8; applicationVersion=0.1.0; capturedAt=2026-06-04T14:24:56.324Z; runner=automated-orchestrator; architecture=mqtt; communicationMode=websocket; source=wifi-http; intervalMs=50; campaignType=official,message_loss_detected,A partir de 50 ms foram detectadas perdas de mensagens.
mqtt_websocket_wifi-http_50ms_rep2_2026-06-04T14-31-58-318Z_campaign-summary.csv,exp-2026-06-04T14-30-58-292Z,mqtt,websocket,wifi-http,2026-06-04T14:30:58.292Z,2026-06-04T14:31:58.304Z,50,60,1200,1181,19,0,98.417,19.679,15.905,0,182.934,26.58,72.521,0.283,0.283,0.283,0,0.1.0,2,browser=node/22.15.0; platform=win32-x64; language=en_US.UTF-8; applicationVersion=0.1.0; capturedAt=2026-06-04T14:30:58.293Z; runner=automated-orchestrator; architecture=mqtt; communicationMode=websocket; source=wifi-http; intervalMs=50; campaignType=official,message_loss_detected,A partir de 50 ms foram detectadas perdas de mensagens.
mqtt_websocket_wifi-http_50ms_rep3_2026-06-04T14-38-00-295Z_campaign-summary.csv,exp-2026-06-04T14-37-00-263Z,mqtt,websocket,wifi-http,2026-06-04T14:37:00.263Z,2026-06-04T14:38:00.280Z,50,60,1200,1179,21,0,98.25,19.644,12.337,0,154.498,22.372,66.169,0.286,0.286,0.286,0,0.1.0,3,browser=node/22.15.0; platform=win32-x64; language=en_US.UTF-8; applicationVersion=0.1.0; capturedAt=2026-06-04T14:37:00.264Z; runner=automated-orchestrator; architecture=mqtt; communicationMode=websocket; source=wifi-http; intervalMs=50; campaignType=official,message_loss_detected,A partir de 50 ms foram detectadas perdas de mensagens.
