architecture,communication_mode,source,interval_ms,repetition,duration_seconds,expected_messages,received_messages,missing_messages,invalid_messages,loss_rate_percent,throughput_messages_per_second,throughput_percent,latency_samples,latency_avg_ms,latency_median_ms,latency_min_ms,latency_max_ms,latency_std_ms,latency_p95_ms,latency_p99_ms,latency_method,started_at,source_file
backend-node,rest-polling,serial,100,1,60,600,545,55,0,9.167,9.083,90.833,545,53.555,53.751,4.177,103.668,28.81,98.036,102.434,ntp_style_clock_synchronization,2026-05-30T14-46-39-653Z,backend-node_rest-polling_serial_1ms_rep1_2026-05-30T14-46-39-653Z_scalability_sensor-data.csv
backend-node,rest-polling,serial,100,2,60,600,545,55,0,9.167,9.083,90.833,545,54.224,54.028,3.828,104.789,28.944,99.214,103.598,ntp_style_clock_synchronization,2026-05-30T14-55-50-930Z,backend-node_rest-polling_serial_1ms_rep2_2026-05-30T14-55-50-930Z_scalability_sensor-data.csv
backend-node,rest-polling,serial,100,3,60,600,544,56,0,9.333,9.067,90.667,544,54.195,54.591,4.529,105.021,29.028,98.322,103.853,ntp_style_clock_synchronization,2026-05-30T15-05-02-185Z,backend-node_rest-polling_serial_1ms_rep3_2026-05-30T15-05-02-185Z_scalability_sensor-data.csv
backend-node,rest-polling,serial,50,1,60,1200,954,246,0,20.5,15.9,79.5,954,28.621,28.956,3.3,55.144,14.522,51.275,53.73,ntp_style_clock_synchronization,2026-05-30T14-46-39-653Z,backend-node_rest-polling_serial_1ms_rep1_2026-05-30T14-46-39-653Z_scalability_sensor-data.csv
backend-node,rest-polling,serial,50,2,60,1200,953,247,0,20.583,15.883,79.417,953,29.147,29.194,3.701,55.052,14.457,51.932,53.731,ntp_style_clock_synchronization,2026-05-30T14-55-50-930Z,backend-node_rest-polling_serial_1ms_rep2_2026-05-30T14-55-50-930Z_scalability_sensor-data.csv
backend-node,rest-polling,serial,50,3,60,1200,954,246,0,20.5,15.9,79.5,954,29.453,29.261,3.796,54.276,14.451,52.123,53.431,ntp_style_clock_synchronization,2026-05-30T15-05-02-185Z,backend-node_rest-polling_serial_1ms_rep3_2026-05-30T15-05-02-185Z_scalability_sensor-data.csv
backend-node,rest-polling,serial,20,1,60,3000,1909,1091,0,36.367,31.817,63.633,1909,14.171,14.099,3.441,24.863,5.821,23.043,24.18,ntp_style_clock_synchronization,2026-05-30T14-46-39-653Z,backend-node_rest-polling_serial_1ms_rep1_2026-05-30T14-46-39-653Z_scalability_sensor-data.csv
backend-node,rest-polling,serial,20,2,60,3000,1907,1093,0,36.433,31.783,63.567,1907,14.122,14.111,3.294,24.93,5.83,23.142,24.072,ntp_style_clock_synchronization,2026-05-30T14-55-50-930Z,backend-node_rest-polling_serial_1ms_rep2_2026-05-30T14-55-50-930Z_scalability_sensor-data.csv
backend-node,rest-polling,serial,20,3,60,3000,1909,1091,0,36.367,31.817,63.633,1909,14.407,14.294,3.564,24.949,5.83,23.37,24.447,ntp_style_clock_synchronization,2026-05-30T15-05-02-185Z,backend-node_rest-polling_serial_1ms_rep3_2026-05-30T15-05-02-185Z_scalability_sensor-data.csv
backend-node,rest-polling,serial,10,1,60,6000,3819,2181,0,36.35,63.65,63.65,3819,9.013,9.005,3.344,14.974,2.974,13.534,14.303,ntp_style_clock_synchronization,2026-05-30T14-46-39-653Z,backend-node_rest-polling_serial_1ms_rep1_2026-05-30T14-46-39-653Z_scalability_sensor-data.csv
backend-node,rest-polling,serial,10,2,60,6000,3820,2180,0,36.333,63.667,63.667,3820,9.138,9.133,3.282,15.331,2.968,13.718,14.36,ntp_style_clock_synchronization,2026-05-30T14-55-50-930Z,backend-node_rest-polling_serial_1ms_rep2_2026-05-30T14-55-50-930Z_scalability_sensor-data.csv
backend-node,rest-polling,serial,10,3,60,6000,3821,2179,0,36.317,63.683,63.683,3821,9.222,9.27,3.398,15.207,2.966,13.769,14.54,ntp_style_clock_synchronization,2026-05-30T15-05-02-185Z,backend-node_rest-polling_serial_1ms_rep3_2026-05-30T15-05-02-185Z_scalability_sensor-data.csv
backend-node,rest-polling,serial,5,1,60,12000,3820,8180,0,68.167,63.667,31.833,3820,6.652,6.679,3.255,10.345,1.564,9.126,9.623,ntp_style_clock_synchronization,2026-05-30T14-46-39-653Z,backend-node_rest-polling_serial_1ms_rep1_2026-05-30T14-46-39-653Z_scalability_sensor-data.csv
backend-node,rest-polling,serial,5,2,60,12000,3827,8173,0,68.108,63.783,31.892,3827,6.766,6.722,3.442,10.131,1.566,9.293,9.64,ntp_style_clock_synchronization,2026-05-30T14-55-50-930Z,backend-node_rest-polling_serial_1ms_rep2_2026-05-30T14-55-50-930Z_scalability_sensor-data.csv
backend-node,rest-polling,serial,5,3,60,12000,3823,8177,0,68.142,63.717,31.858,3823,6.764,6.798,3.36,10.34,1.558,9.248,9.767,ntp_style_clock_synchronization,2026-05-30T15-05-02-185Z,backend-node_rest-polling_serial_1ms_rep3_2026-05-30T15-05-02-185Z_scalability_sensor-data.csv
backend-node,rest-polling,serial,4,1,60,15000,3819,11181,0,74.54,63.65,25.46,3819,6.155,6.165,3.282,51.454,1.496,8.182,8.742,ntp_style_clock_synchronization,2026-05-30T14-46-39-653Z,backend-node_rest-polling_serial_1ms_rep1_2026-05-30T14-46-39-653Z_scalability_sensor-data.csv
backend-node,rest-polling,serial,4,2,60,15000,3818,11182,0,74.547,63.633,25.453,3818,6.357,6.328,3.361,9.262,1.246,8.369,8.78,ntp_style_clock_synchronization,2026-05-30T14-55-50-930Z,backend-node_rest-polling_serial_1ms_rep2_2026-05-30T14-55-50-930Z_scalability_sensor-data.csv
backend-node,rest-polling,serial,4,3,60,15000,3827,11173,0,74.487,63.783,25.513,3827,6.262,6.251,3.374,9.222,1.272,8.363,8.76,ntp_style_clock_synchronization,2026-05-30T15-05-02-185Z,backend-node_rest-polling_serial_1ms_rep3_2026-05-30T15-05-02-185Z_scalability_sensor-data.csv
backend-node,rest-polling,serial,3,1,60,20000,3839,16161,0,80.805,63.983,19.195,3839,10.619,10.604,5.96,19.182,1.194,12.515,13.041,ntp_style_clock_synchronization,2026-05-30T14-46-39-653Z,backend-node_rest-polling_serial_1ms_rep1_2026-05-30T14-46-39-653Z_scalability_sensor-data.csv
backend-node,rest-polling,serial,3,2,60,20000,3837,16163,0,80.815,63.95,19.185,3837,10.743,10.737,6.887,22.427,1.191,12.661,13.146,ntp_style_clock_synchronization,2026-05-30T14-55-50-930Z,backend-node_rest-polling_serial_1ms_rep2_2026-05-30T14-55-50-930Z_scalability_sensor-data.csv
backend-node,rest-polling,serial,3,3,60,20000,3827,16173,0,80.865,63.783,19.135,3827,10.756,10.745,6.54,17.494,1.207,12.701,13.196,ntp_style_clock_synchronization,2026-05-30T15-05-02-185Z,backend-node_rest-polling_serial_1ms_rep3_2026-05-30T15-05-02-185Z_scalability_sensor-data.csv
backend-node,rest-polling,serial,2,1,60,30000,3828,26172,0,87.24,63.8,12.76,3828,10.578,10.569,5.316,13.281,1.148,12.432,12.944,ntp_style_clock_synchronization,2026-05-30T14-46-39-653Z,backend-node_rest-polling_serial_1ms_rep1_2026-05-30T14-46-39-653Z_scalability_sensor-data.csv
backend-node,rest-polling,serial,2,2,60,30000,3830,26170,0,87.233,63.833,12.767,3830,10.849,10.829,5.806,26.024,1.267,12.823,13.321,ntp_style_clock_synchronization,2026-05-30T14-55-50-930Z,backend-node_rest-polling_serial_1ms_rep2_2026-05-30T14-55-50-930Z_scalability_sensor-data.csv
backend-node,rest-polling,serial,2,3,60,30000,3830,26170,0,87.233,63.833,12.767,3830,10.791,10.747,6.604,21.291,1.263,12.738,13.272,ntp_style_clock_synchronization,2026-05-30T15-05-02-185Z,backend-node_rest-polling_serial_1ms_rep3_2026-05-30T15-05-02-185Z_scalability_sensor-data.csv
backend-node,rest-polling,serial,1,1,60,60000,4207,55793,0,92.988,70.117,7.012,4207,10.462,10.434,4.16,16.314,1.204,12.452,12.924,ntp_style_clock_synchronization,2026-05-30T14-46-39-653Z,backend-node_rest-polling_serial_1ms_rep1_2026-05-30T14-46-39-653Z_scalability_sensor-data.csv
backend-node,rest-polling,serial,1,2,60,60000,4198,55802,0,93.003,69.967,6.997,4198,10.66,10.616,5.679,13.767,1.255,12.719,13.224,ntp_style_clock_synchronization,2026-05-30T14-55-50-930Z,backend-node_rest-polling_serial_1ms_rep2_2026-05-30T14-55-50-930Z_scalability_sensor-data.csv
backend-node,rest-polling,serial,1,3,60,60000,4208,55792,0,92.987,70.133,7.013,4208,10.651,10.617,6.511,19.495,1.265,12.704,13.206,ntp_style_clock_synchronization,2026-05-30T15-05-02-185Z,backend-node_rest-polling_serial_1ms_rep3_2026-05-30T15-05-02-185Z_scalability_sensor-data.csv
backend-node,websocket,serial,100,1,60,600,600,0,0,0.0,10.0,100.0,600,4.119,4.144,2.913,6.332,0.57,4.974,5.162,ntp_style_clock_synchronization,2026-05-30T14-19-03-720Z,backend-node_websocket_serial_1ms_rep1_2026-05-30T14-19-03-720Z_scalability_sensor-data.csv
backend-node,websocket,serial,100,2,60,600,600,0,0,0.0,10.0,100.0,600,4.025,4.044,3.012,12.796,0.633,4.796,4.885,ntp_style_clock_synchronization,2026-05-30T14-28-15-509Z,backend-node_websocket_serial_1ms_rep2_2026-05-30T14-28-15-509Z_scalability_sensor-data.csv
backend-node,websocket,serial,100,3,60,600,600,0,0,0.0,10.0,100.0,600,4.129,4.136,3.118,5.196,0.52,4.923,5.074,ntp_style_clock_synchronization,2026-05-30T14-37-27-327Z,backend-node_websocket_serial_1ms_rep3_2026-05-30T14-37-27-327Z_scalability_sensor-data.csv
backend-node,websocket,serial,50,1,60,1200,1201,0,0,0.0,20.017,100.083,1201,3.951,3.952,2.87,5.145,0.576,4.823,4.951,ntp_style_clock_synchronization,2026-05-30T14-19-03-720Z,backend-node_websocket_serial_1ms_rep1_2026-05-30T14-19-03-720Z_scalability_sensor-data.csv
backend-node,websocket,serial,50,2,60,1200,1201,0,0,0.0,20.017,100.083,1201,3.955,3.918,2.925,5.083,0.529,4.785,4.91,ntp_style_clock_synchronization,2026-05-30T14-28-15-509Z,backend-node_websocket_serial_1ms_rep2_2026-05-30T14-28-15-509Z_scalability_sensor-data.csv
backend-node,websocket,serial,50,3,60,1200,1200,0,0,0.0,20.0,100.0,1200,4.086,4.071,3.068,13.033,0.575,4.91,5.016,ntp_style_clock_synchronization,2026-05-30T14-37-27-327Z,backend-node_websocket_serial_1ms_rep3_2026-05-30T14-37-27-327Z_scalability_sensor-data.csv
backend-node,websocket,serial,20,1,60,3000,3001,0,0,0.0,50.017,100.033,3001,3.786,3.778,2.767,7.093,0.518,4.579,4.74,ntp_style_clock_synchronization,2026-05-30T14-19-03-720Z,backend-node_websocket_serial_1ms_rep1_2026-05-30T14-19-03-720Z_scalability_sensor-data.csv
backend-node,websocket,serial,20,2,60,3000,3000,0,0,0.0,50.0,100.0,3000,3.997,3.987,2.927,15.618,0.571,4.793,4.938,ntp_style_clock_synchronization,2026-05-30T14-28-15-509Z,backend-node_websocket_serial_1ms_rep2_2026-05-30T14-28-15-509Z_scalability_sensor-data.csv
backend-node,websocket,serial,20,3,60,3000,3000,0,0,0.0,50.0,100.0,3000,4.077,4.079,3.06,5.158,0.52,4.883,4.978,ntp_style_clock_synchronization,2026-05-30T14-37-27-327Z,backend-node_websocket_serial_1ms_rep3_2026-05-30T14-37-27-327Z_scalability_sensor-data.csv
backend-node,websocket,serial,10,1,60,6000,6000,0,0,0.0,100.0,100.0,6000,3.92,3.814,2.787,33.451,1.207,4.763,6.014,ntp_style_clock_synchronization,2026-05-30T14-19-03-720Z,backend-node_websocket_serial_1ms_rep1_2026-05-30T14-19-03-720Z_scalability_sensor-data.csv
backend-node,websocket,serial,10,2,60,6000,6000,0,0,0.0,100.0,100.0,6000,3.957,3.96,2.965,6.995,0.522,4.765,4.886,ntp_style_clock_synchronization,2026-05-30T14-28-15-509Z,backend-node_websocket_serial_1ms_rep2_2026-05-30T14-28-15-509Z_scalability_sensor-data.csv
backend-node,websocket,serial,10,3,60,6000,6000,0,0,0.0,100.0,100.0,6000,4.374,4.077,3.017,190.57,6.267,4.874,4.977,ntp_style_clock_synchronization,2026-05-30T14-37-27-327Z,backend-node_websocket_serial_1ms_rep3_2026-05-30T14-37-27-327Z_scalability_sensor-data.csv
backend-node,websocket,serial,5,1,60,12000,11996,4,0,0.033,199.933,99.967,11996,3.915,3.92,2.933,6.673,0.52,4.723,4.848,ntp_style_clock_synchronization,2026-05-30T14-19-03-720Z,backend-node_websocket_serial_1ms_rep1_2026-05-30T14-19-03-720Z_scalability_sensor-data.csv
backend-node,websocket,serial,5,2,60,12000,11996,4,0,0.033,199.933,99.967,11996,4.14,4.09,2.957,45.332,1.235,4.89,5.062,ntp_style_clock_synchronization,2026-05-30T14-28-15-509Z,backend-node_websocket_serial_1ms_rep2_2026-05-30T14-28-15-509Z_scalability_sensor-data.csv
backend-node,websocket,serial,5,3,60,12000,11996,4,0,0.033,199.933,99.967,11996,4.064,4.036,3.032,5.869,0.512,4.861,4.975,ntp_style_clock_synchronization,2026-05-30T14-37-27-327Z,backend-node_websocket_serial_1ms_rep3_2026-05-30T14-37-27-327Z_scalability_sensor-data.csv
backend-node,websocket,serial,4,1,60,15000,14993,7,0,0.047,249.883,99.953,14993,3.939,3.937,2.905,5.043,0.518,4.755,4.859,ntp_style_clock_synchronization,2026-05-30T14-19-03-720Z,backend-node_websocket_serial_1ms_rep1_2026-05-30T14-19-03-720Z_scalability_sensor-data.csv
backend-node,websocket,serial,4,2,60,15000,14993,7,0,0.047,249.883,99.953,14993,4.046,4.043,3.003,5.174,0.52,4.85,4.969,ntp_style_clock_synchronization,2026-05-30T14-28-15-509Z,backend-node_websocket_serial_1ms_rep2_2026-05-30T14-28-15-509Z_scalability_sensor-data.csv
backend-node,websocket,serial,4,3,60,15000,14994,6,0,0.04,249.9,99.96,14994,4.141,4.081,3.006,31.21,0.984,4.901,5.876,ntp_style_clock_synchronization,2026-05-30T14-37-27-327Z,backend-node_websocket_serial_1ms_rep3_2026-05-30T14-37-27-327Z_scalability_sensor-data.csv
backend-node,websocket,serial,3,1,60,20000,16812,3188,0,15.94,280.2,84.06,16812,8.562,8.557,3.132,19.476,0.538,9.359,9.482,ntp_style_clock_synchronization,2026-05-30T14-19-03-720Z,backend-node_websocket_serial_1ms_rep1_2026-05-30T14-19-03-720Z_scalability_sensor-data.csv
backend-node,websocket,serial,3,2,60,20000,16419,3581,0,17.905,273.65,82.095,16419,8.677,8.678,3.183,10.875,0.531,9.471,9.624,ntp_style_clock_synchronization,2026-05-30T14-28-15-509Z,backend-node_websocket_serial_1ms_rep2_2026-05-30T14-28-15-509Z_scalability_sensor-data.csv
backend-node,websocket,serial,3,3,60,20000,16048,3952,0,19.76,267.467,80.24,16048,8.645,8.649,3.24,16.536,0.529,9.437,9.553,ntp_style_clock_synchronization,2026-05-30T14-37-27-327Z,backend-node_websocket_serial_1ms_rep3_2026-05-30T14-37-27-327Z_scalability_sensor-data.csv
backend-node,websocket,serial,2,1,60,30000,16812,13188,0,43.96,280.2,56.04,16812,8.547,8.549,3.036,16.138,0.541,9.34,9.497,ntp_style_clock_synchronization,2026-05-30T14-19-03-720Z,backend-node_websocket_serial_1ms_rep1_2026-05-30T14-19-03-720Z_scalability_sensor-data.csv
backend-node,websocket,serial,2,2,60,30000,16162,13838,0,46.127,269.367,53.873,16162,8.71,8.743,3.322,11.341,0.559,9.542,9.67,ntp_style_clock_synchronization,2026-05-30T14-28-15-509Z,backend-node_websocket_serial_1ms_rep2_2026-05-30T14-28-15-509Z_scalability_sensor-data.csv
backend-node,websocket,serial,2,3,60,30000,16050,13950,0,46.5,267.5,53.5,16050,8.666,8.668,3.162,13.231,0.532,9.478,9.572,ntp_style_clock_synchronization,2026-05-30T14-37-27-327Z,backend-node_websocket_serial_1ms_rep3_2026-05-30T14-37-27-327Z_scalability_sensor-data.csv
backend-node,websocket,serial,1,1,60,60000,16808,43192,0,71.987,280.133,28.013,16808,8.576,8.582,3.008,11.23,0.529,9.381,9.507,ntp_style_clock_synchronization,2026-05-30T14-19-03-720Z,backend-node_websocket_serial_1ms_rep1_2026-05-30T14-19-03-720Z_scalability_sensor-data.csv
backend-node,websocket,serial,1,2,60,60000,16049,43951,0,73.252,267.483,26.748,16049,8.634,8.638,3.206,10.128,0.529,9.445,9.542,ntp_style_clock_synchronization,2026-05-30T14-28-15-509Z,backend-node_websocket_serial_1ms_rep2_2026-05-30T14-28-15-509Z_scalability_sensor-data.csv
backend-node,websocket,serial,1,3,60,60000,16047,43953,0,73.255,267.45,26.745,16047,8.689,8.683,3.155,9.992,0.531,9.502,9.606,ntp_style_clock_synchronization,2026-05-30T14-37-27-327Z,backend-node_websocket_serial_1ms_rep3_2026-05-30T14-37-27-327Z_scalability_sensor-data.csv
webserial,webserial,serial,100,1,60,600,600,0,0,0.0,10.0,100.0,600,3.685,3.678,2.444,7.668,0.631,4.512,4.692,ntp_style_clock_synchronization,2026-05-30T13-51-22-285Z,webserial_webserial_serial_1ms_rep1_2026-05-30T13-51-22-285Z_scalability_sensor-data.csv
webserial,webserial,serial,100,2,60,600,600,0,0,0.0,10.0,100.0,600,3.648,3.7,2.36,4.996,0.579,4.512,4.86,ntp_style_clock_synchronization,2026-05-30T14-00-36-038Z,webserial_webserial_serial_1ms_rep2_2026-05-30T14-00-36-038Z_scalability_sensor-data.csv
webserial,webserial,serial,100,3,60,600,600,0,0,0.0,10.0,100.0,600,3.654,3.734,2.418,5.07,0.576,4.51,4.846,ntp_style_clock_synchronization,2026-05-30T14-09-49-729Z,webserial_webserial_serial_1ms_rep3_2026-05-30T14-09-49-729Z_scalability_sensor-data.csv
webserial,webserial,serial,50,1,60,1200,1200,0,0,0.0,20.0,100.0,1200,3.598,3.59,2.482,4.746,0.587,4.498,4.614,ntp_style_clock_synchronization,2026-05-30T13-51-22-285Z,webserial_webserial_serial_1ms_rep1_2026-05-30T13-51-22-285Z_scalability_sensor-data.csv
webserial,webserial,serial,50,2,60,1200,1200,0,0,0.0,20.0,100.0,1200,3.581,3.568,2.434,6.406,0.606,4.506,4.642,ntp_style_clock_synchronization,2026-05-30T14-00-36-038Z,webserial_webserial_serial_1ms_rep2_2026-05-30T14-00-36-038Z_scalability_sensor-data.csv
webserial,webserial,serial,50,3,60,1200,1200,0,0,0.0,20.0,100.0,1200,3.57,3.572,2.52,5.208,0.594,4.476,4.576,ntp_style_clock_synchronization,2026-05-30T14-09-49-729Z,webserial_webserial_serial_1ms_rep3_2026-05-30T14-09-49-729Z_scalability_sensor-data.csv
webserial,webserial,serial,20,1,60,3000,3000,0,0,0.0,50.0,100.0,3000,3.622,3.618,2.602,5.222,0.523,4.422,4.558,ntp_style_clock_synchronization,2026-05-30T13-51-22-285Z,webserial_webserial_serial_1ms_rep1_2026-05-30T13-51-22-285Z_scalability_sensor-data.csv
webserial,webserial,serial,20,2,60,3000,3000,0,0,0.0,50.0,100.0,3000,3.583,3.586,2.558,5.974,0.519,4.366,4.51,ntp_style_clock_synchronization,2026-05-30T14-00-36-038Z,webserial_webserial_serial_1ms_rep2_2026-05-30T14-00-36-038Z_scalability_sensor-data.csv
webserial,webserial,serial,20,3,60,3000,3000,0,0,0.0,50.0,100.0,3000,3.557,3.556,2.556,5.544,0.525,4.348,4.488,ntp_style_clock_synchronization,2026-05-30T14-09-49-729Z,webserial_webserial_serial_1ms_rep3_2026-05-30T14-09-49-729Z_scalability_sensor-data.csv
webserial,webserial,serial,10,1,60,6000,5999,1,0,0.017,99.983,99.983,5999,3.606,3.594,2.57,6.23,0.55,4.514,4.654,ntp_style_clock_synchronization,2026-05-30T13-51-22-285Z,webserial_webserial_serial_1ms_rep1_2026-05-30T13-51-22-285Z_scalability_sensor-data.csv
webserial,webserial,serial,10,2,60,6000,5999,1,0,0.017,99.983,99.983,5999,3.634,3.624,2.624,6.14,0.552,4.544,4.684,ntp_style_clock_synchronization,2026-05-30T14-00-36-038Z,webserial_webserial_serial_1ms_rep2_2026-05-30T14-00-36-038Z_scalability_sensor-data.csv
webserial,webserial,serial,10,3,60,6000,5999,1,0,0.017,99.983,99.983,5999,3.609,3.596,2.58,5.576,0.548,4.508,4.66,ntp_style_clock_synchronization,2026-05-30T14-09-49-729Z,webserial_webserial_serial_1ms_rep3_2026-05-30T14-09-49-729Z_scalability_sensor-data.csv
webserial,webserial,serial,5,1,60,12000,11995,5,0,0.042,199.917,99.958,11995,3.659,3.658,2.618,12.806,0.544,4.47,4.582,ntp_style_clock_synchronization,2026-05-30T13-51-22-285Z,webserial_webserial_serial_1ms_rep1_2026-05-30T13-51-22-285Z_scalability_sensor-data.csv
webserial,webserial,serial,5,2,60,12000,11995,5,0,0.042,199.917,99.958,11995,3.697,3.692,2.66,10.876,0.532,4.512,4.616,ntp_style_clock_synchronization,2026-05-30T14-00-36-038Z,webserial_webserial_serial_1ms_rep2_2026-05-30T14-00-36-038Z_scalability_sensor-data.csv
webserial,webserial,serial,5,3,60,12000,11995,5,0,0.042,199.917,99.958,11995,3.697,3.692,2.652,7.204,0.524,4.508,4.612,ntp_style_clock_synchronization,2026-05-30T14-09-49-729Z,webserial_webserial_serial_1ms_rep3_2026-05-30T14-09-49-729Z_scalability_sensor-data.csv
webserial,webserial,serial,4,1,60,15000,14992,8,0,0.053,249.867,99.947,14992,3.715,3.696,2.652,12.748,0.563,4.516,4.656,ntp_style_clock_synchronization,2026-05-30T13-51-22-285Z,webserial_webserial_serial_1ms_rep1_2026-05-30T13-51-22-285Z_scalability_sensor-data.csv
webserial,webserial,serial,4,2,60,15000,14992,8,0,0.053,249.867,99.947,14992,3.719,3.712,2.656,10.008,0.54,4.52,4.648,ntp_style_clock_synchronization,2026-05-30T14-00-36-038Z,webserial_webserial_serial_1ms_rep2_2026-05-30T14-00-36-038Z_scalability_sensor-data.csv
webserial,webserial,serial,4,3,60,15000,14992,8,0,0.053,249.867,99.947,14992,3.733,3.73,2.682,9.266,0.533,4.538,4.674,ntp_style_clock_synchronization,2026-05-30T14-09-49-729Z,webserial_webserial_serial_1ms_rep3_2026-05-30T14-09-49-729Z_scalability_sensor-data.csv
webserial,webserial,serial,3,1,60,20000,16812,3188,0,15.94,280.2,84.06,16812,8.373,8.364,2.804,26.992,0.651,9.156,9.34,ntp_style_clock_synchronization,2026-05-30T13-51-22-285Z,webserial_webserial_serial_1ms_rep1_2026-05-30T13-51-22-285Z_scalability_sensor-data.csv
webserial,webserial,serial,3,2,60,20000,16812,3188,0,15.94,280.2,84.06,16812,8.382,8.38,2.84,18.736,0.586,9.176,9.34,ntp_style_clock_synchronization,2026-05-30T14-00-36-038Z,webserial_webserial_serial_1ms_rep2_2026-05-30T14-00-36-038Z_scalability_sensor-data.csv
webserial,webserial,serial,3,3,60,20000,16812,3188,0,15.94,280.2,84.06,16812,8.341,8.344,2.804,18.228,0.567,9.132,9.288,ntp_style_clock_synchronization,2026-05-30T14-09-49-729Z,webserial_webserial_serial_1ms_rep3_2026-05-30T14-09-49-729Z_scalability_sensor-data.csv
webserial,webserial,serial,2,1,60,30000,16813,13187,0,43.957,280.217,56.043,16813,8.408,8.382,2.79,30.982,0.825,9.19,9.346,ntp_style_clock_synchronization,2026-05-30T13-51-22-285Z,webserial_webserial_serial_1ms_rep1_2026-05-30T13-51-22-285Z_scalability_sensor-data.csv
webserial,webserial,serial,2,2,60,30000,16813,13187,0,43.957,280.217,56.043,16813,8.465,8.45,2.906,33.162,0.779,9.254,9.398,ntp_style_clock_synchronization,2026-05-30T14-00-36-038Z,webserial_webserial_serial_1ms_rep2_2026-05-30T14-00-36-038Z_scalability_sensor-data.csv
webserial,webserial,serial,2,3,60,30000,16813,13187,0,43.957,280.217,56.043,16813,8.358,8.352,2.816,24.02,0.645,9.16,9.28,ntp_style_clock_synchronization,2026-05-30T14-09-49-729Z,webserial_webserial_serial_1ms_rep3_2026-05-30T14-09-49-729Z_scalability_sensor-data.csv
webserial,webserial,serial,1,1,60,60000,16813,43187,0,71.978,280.217,28.022,16813,8.429,8.386,2.93,33.654,0.879,9.21,9.458,ntp_style_clock_synchronization,2026-05-30T13-51-22-285Z,webserial_webserial_serial_1ms_rep1_2026-05-30T13-51-22-285Z_scalability_sensor-data.csv
webserial,webserial,serial,1,2,60,60000,16813,43187,0,71.978,280.217,28.022,16813,8.367,8.338,2.742,28.118,0.731,9.162,9.322,ntp_style_clock_synchronization,2026-05-30T14-00-36-038Z,webserial_webserial_serial_1ms_rep2_2026-05-30T14-00-36-038Z_scalability_sensor-data.csv
webserial,webserial,serial,1,3,60,60000,16813,43187,0,71.978,280.217,28.022,16813,8.331,8.316,2.748,19.764,0.593,9.132,9.276,ntp_style_clock_synchronization,2026-05-30T14-09-49-729Z,webserial_webserial_serial_1ms_rep3_2026-05-30T14-09-49-729Z_scalability_sensor-data.csv
